{
  "$schema": "./node_modules/@angular/cli/lib/config/schema.json",
  "project": {
    "name": "inventory"
  },
  "apps": [
    {
      "root": "src",
      "outDir": "../public",
      "assets": [
        "assets",
        "vendors",
        "build",
        "images",
        "favicon.ico"
      ],
      "index": "index.html",
      "main": "main.ts",
      "polyfills": "polyfills.ts",
      "test": "test.ts",
      "tsconfig": "tsconfig.app.json",
      "testTsconfig": "tsconfig.spec.json",
      "prefix": "app",
      "styles": [
        "styles.css"
      ],
      "scripts": [
        "vendors/jquery/dist/jquery.min.js",
        "vendors/bootstrap/dist/js/bootstrap.min.js",
        "vendors/fastclick/lib/fastclick.js",
        "vendors/nprogress/nprogress.js",
        "vendors/bootstrap-progressbar/bootstrap-progressbar.min.js",
        "vendors/iCheck/icheck.min.js",
        "vendors/moment/min/moment.min.js",
        "vendors/bootstrap-daterangepicker/daterangepicker.js",
        "vendors/bootstrap-wysiwyg/js/bootstrap-wysiwyg.min.js",
        "vendors/jquery.hotkeys/jquery.hotkeys.js",
        "vendors/google-code-prettify/src/prettify.js",
        "vendors/jquery.tagsinput/src/jquery.tagsinput.js",
        "vendors/switchery/dist/switchery.min.js",
        "vendors/select2/dist/js/select2.full.min.js",
        "vendors/parsleyjs/dist/parsley.min.js",
        "vendors/autosize/dist/autosize.min.js",
        "vendors/devbridge-autocomplete/dist/jquery.autocomplete.min.js",
        "vendors/starrr/dist/starrr.js",
        "build/js/custom.min.js"
      ],
      "styles": [
        "vendors/bootstrap/dist/css/bootstrap.min.css",
        "vendors/font-awesome/css/font-awesome.min.css",
        "vendors/nprogress/nprogress.css",
        "vendors/iCheck/skins/flat/green.css",
        "vendors/google-code-prettify/bin/prettify.min.css",
        "vendors/select2/dist/css/select2.min.css",
        "vendors/switchery/dist/switchery.min.css",
        "vendors/starrr/dist/starrr.css",
        "vendors/bootstrap-daterangepicker/daterangepicker.css",
        "build/css/custom.min.css"
      ],
      "environmentSource": "environments/environment.ts",
      "environments": {
        "dev": "environments/environment.ts",
        "prod": "environments/environment.prod.ts"
      }
    }
  ],
  "e2e": {
    "protractor": {
      "config": "./protractor.conf.js"
    }
  },
  "lint": [
    {
      "project": "src/tsconfig.app.json",
      "exclude": "**/node_modules/**"
    },
    {
      "project": "src/tsconfig.spec.json",
      "exclude": "**/node_modules/**"
    },
    {
      "project": "e2e/tsconfig.e2e.json",
      "exclude": "**/node_modules/**"
    }
  ],
  "test": {
    "karma": {
      "config": "./karma.conf.js"
    }
  },
  "defaults": {
    "styleExt": "css",
    "component": {}
  }
}
